"","Sample_ID","Type","Initial_sed_mg","Vial_mg","Vial_with_sed_mg","Vial_with_sed_after_fumig_mg","Rerun","Before","After","Correction","empty","CN_mg","N_mg","C_mg","Corrected_CN_mg","N_pct","C_pct","empty2","OC_pct","Fe_OC_mass","empty3","Notes"
"1","aar1d23","init",99.26,NA,"NA","14172.3",NA,99.26,NA,0,NA,89.9,0.361398,3.545656,89.9,0.402,3.944,NA,36.34182735728,256.637720854274,NA,NA
"2","aar1d23","ext",99.73,14080.6,"NA","14160.2",NA,99.73,79.6000000000004,-0.252889447236175,NA,75.02,0.2430648,1.6061782,93.9917663316579,0.258602226010229,1.70884989471574,NA,NA,NA,NA,NA
"3","aar1d23","con",100.02,14091.8,"NA","14188.8",NA,100.02,97,-0.0311340206185567,NA,95.82,0.3947784,3.104568,98.8032618556701,0.399560087982404,3.14217156568686,NA,NA,NA,NA,NA
"4","aor2d34","init",99.52,NA,"NA","14143.5",NA,99.52,NA,0,NA,91.71,0.3402441,3.6078714,91.71,0.371,3.934,NA,32.709896161899,230.404174576384,NA,NA
"5","aor2d34","ext",99.59,14104.9,"NA","14181.6",NA,99.59,76.7000000000007,-0.29843546284223,NA,73.18,0.2188082,1.5828834,95.0195071707944,0.230277136258663,1.66585098905514,NA,NA,NA,NA,NA
"6","aor2d34","con",99.65,13460.4,"NA","13553.6",NA,99.65,93.2000000000007,-0.0692060085836827,NA,94.05,0.2830905,2.9691585,100.558825107295,0.281517310587057,2.95265830406425,NA,NA,NA,NA,NA
"7","expInitr2","init",100,NA,"NA","14168.8",NA,100,NA,0,NA,89.3,0.404529,3.637189,89.3,0.453,4.073,NA,28.9486010016982,211.114864601463,NA,NA
"8","expInitr2","ext",99.56,14053.7,"NA","14138.5",NA,99.56,84.7999999999993,-0.174056603773595,NA,79.74,0.2224746,1.889838,93.6192735849065,0.23763760546404,2.01864202490958,NA,NA,NA,NA,NA
"9","expInitr2","con",99.98,14024.5,"NA","14122.6",NA,99.98,98.1000000000004,-0.0191641182466833,NA,95.57,0.3077354,3.1146263,97.4015147808355,0.315945189037809,3.19771854370875,NA,NA,NA,NA,NA
"10","oar3d34","init",99.85,NA,"NA","14156.9",NA,99.85,NA,0,NA,87.64,0.3970092,3.7842952,87.64,0.453,4.318,NA,30.5986015898789,236.570746043146,NA,NA
"11","oar3d34","ext",100.09,14119.4,"NA","14198.1",NA,100.09,78.7000000000007,-0.271791613722987,NA,75.21,0.2316468,2.0404473,95.6514472681058,0.242178039764214,2.13321111000102,NA,NA,NA,NA,NA
"12","oar3d34","con",99.58,13545.3,"NA","13642.2",NA,99.58,96.9000000000015,-0.0276573787409546,NA,95.79,0.4032759,3.400545,98.439300309596,0.409669612371968,3.45445872665199,NA,NA,NA,NA,NA
"13","oor3d20","init",99.38,NA,"NA","14149",NA,99.38,NA,0,NA,87.5,0.4305,3.80275,87.5,0.492,4.346,NA,27.0908666052059,210.809142822247,NA,NA
"14","oor3d20","ext",99.57,14080.8,"NA","14160.5",NA,99.57,79.7000000000007,-0.249309912170628,NA,73.49,0.1962183,2.0547804,91.8117854454195,0.213717987345588,2.23803555287739,NA,NA,NA,NA,NA
"15","oor3d20","con",99.23,14046,"NA","14141.9",NA,99.23,95.8999999999996,-0.0347236704900978,NA,94.14,0.3539664,3.3269076,97.4088863399378,0.363382041721252,3.41540461553964,NA,NA,NA,NA,NA
"16","aar2d20","init",100.03,16038.69,"NA","14194.2",NA,100.03,-1844.49,0,NA,95.58,0.3804084,3.804084,95.58,0.398,3.98,NA,31.7566635206322,226.30531926968,NA,NA
"17","aar2d20","ext",99.66,14106,"NA","14184.6",NA,99.66,78.6000000000004,-0.267938931297704,NA,77.08,0.1610972,1.6811148,97.732732824427,0.164834437086093,1.72011438892234,NA,NA,NA,NA,NA
"18","aar2d20","con",100.01,13478.1999999999,"NA","13569.8",NA,100.01,91.6000000000986,-0.0918122270730607,NA,96.54,0.3417516,3.1452732,105.403552401633,0.324231576842665,2.98402959704351,NA,NA,NA,NA,NA
"19","aar3d20","init",99.4,16004.76,"NA","14157.9",NA,99.4,-1846.86,0,NA,96.13,0.3874039,3.8826907,96.13,0.403,4.039,NA,29.1775671403486,211.008404082127,NA,NA
"20","aar3d20","ext",100.02,13478.8,"NA","13558.1",NA,100.02,79.3000000000011,-0.26128625472886,NA,77.1,0.210483,1.838064,97.2451702395951,0.216445710857831,1.89013397320539,NA,NA,NA,NA,NA
"21","aar3d20","con",99.56,13488.8,"NA","13582.2",NA,99.56,93.4000000000015,-0.0659528907922746,NA,97.39,0.2931439,3.1856269,103.81315203426,0.2823764564082,3.06861591000406,NA,NA,NA,NA,NA
"22","aar2d23","init",99.72,16064.44,"NA","14213.2",NA,99.72,-1851.24,0,NA,95.84,0.3277728,3.8307248,95.84,0.342,3.997,NA,35.7651630582825,255.95945701693,NA,NA
"23","aar2d23","ext",99.75,14052.2,"14127.8","14127.8",NA,99.75,75.5999999999985,-0.31944444444447,NA,75.65,0.1513,1.5969715,99.8159722222241,0.151578947368418,1.59991578947365,NA,NA,NA,NA,NA
"24","aar2d23","con",99.52,14049.4,"14145.6","14145.6",NA,99.52,96.2000000000007,-0.0345114345114266,NA,96.4,0.326796,3.021176,99.7269022869015,0.327690916398716,3.02944935691321,NA,NA,NA,NA,NA
"25","aar3d23","init",99.3,16001.32,"NA","14151.6",NA,99.3,-1849.72,0,NA,95.35,0.3232365,3.781581,95.35,0.339,3.966,NA,34.7800843193034,246.979076831437,NA,NA
"26","aar3d23","ext",99.94,14101.9,"14177.4","14179.7",NA,99.94,77.8000000000011,-0.28457583547556,NA,75.1,0.159963,1.596626,96.4716452442146,0.165813488092858,1.65502101260759,NA,NA,NA,NA,NA
"27","aar3d23","con",99.61,14118.5,"14210.6","14213.4",NA,99.61,94.8999999999996,-0.0496311907270852,NA,97.56,0.3336552,3.107286,102.402018967334,0.325828732055013,3.03439915671116,NA,NA,NA,NA,NA
"28","aor1d20","init",99.43,16056.48,"NA","14212.6",NA,99.43,-1843.88,0,NA,93.52,0.3245144,3.6388632,93.52,0.347,3.891,NA,23.9319444166679,166.730878648621,NA,NA
"29","aor1d20","ext",99.62,14093.7,"NA","14172.6",NA,99.62,78.8999999999996,-0.262610899873263,NA,79.19,0.2177725,2.0628995,99.9861571609637,0.217802650070266,2.06318510339288,NA,NA,NA,NA,NA
"30","aor1d20","con",100.09,14049.6,"NA","14143.2",NA,100.09,93.6000000000004,-0.0693376068376027,NA,97.85,0.3258405,3.133157,104.634684829059,0.311407733040265,2.99437706064543,NA,NA,NA,NA,NA
"31","aor1d23","init",99.48,16019.13,"NA","NA",NA,99.48,NA,0,NA,94.27,0.3374866,3.9329444,94.27,0.358,4.172,NA,27.0054776726775,201.73115998283,NA,NA
"32","aor1d23","ext",99.18,13446.1,"NA","13520.5",NA,99.18,74.3999999999996,-0.333064516129039,NA,77.29,0.1739025,1.9337958,103.032556451613,0.168784029038112,1.8768784029038,NA,NA,NA,NA,NA
"33","aor1d23","con",99.72,14089.2,"NA","14181.9",NA,99.72,92.6999999999989,-0.0757281553398185,NA,94.38,0.2727582,3.0494178,101.527223300972,0.268655234657037,3.00354693140791,NA,NA,NA,NA,NA
"34","aor2d23","init",99.26,16068.57,"NA","14188.1",NA,99.26,-1880.47,0,NA,96.41,0.3432196,3.8872512,96.41,0.356,4.032,NA,43.04141103297,310.730473204897,NA,NA
"35","aor2d23","ext",100.09,14087.1,"14152.7","14152.7",NA,100.09,65.6000000000004,-0.525762195121943,NA,74.13,0.2253552,1.9577733,113.10475152439,0.199244679788192,1.73093815565992,NA,NA,NA,NA,NA
"36","aor2d23","con",99.28,14073.5,"14179","14179",NA,99.28,105.5,0.058957345971564,NA,96.03,0.2852091,3.1324986,90.3683260663507,0.315607373086221,3.46636784850927,NA,NA,NA,NA,NA
"37","aor3d23","init",99.58,16088.42,"NA","NA",NA,99.58,NA,0,NA,94.95,0.338022,4.227174,94.95,0.356,4.452,NA,34.1070801209401,271.879535717861,NA,NA
"38","aor3d23","ext",99.42,14079.5,"NA","14157.3",NA,99.42,77.7999999999993,-0.277892030848341,NA,77.03,0.1640739,1.6807946,98.4360231362477,0.166680748340373,1.70749949708307,NA,NA,NA,NA,NA
"39","aor3d23","con",99.82,14111.6,"14157.3","14205.1",NA,99.82,93.5,-0.0675935828877005,NA,97.13,0.3312133,3.3451572,103.695364705882,0.319409937888199,3.22594670406732,NA,NA,NA,NA,NA
"40","aor1d34","init",99.82,15993.8,"14204.8","14165.1",NA,99.82,-1828.7,0,NA,96.21,0.3348108,3.809916,96.21,0.348,3.96,NA,27.4348146417294,194.524379554608,NA,NA
"41","aor1d34","ext",99.81,14084.1999999999,"NA","14165",NA,99.81,80.8000000000993,-0.235272277226204,NA,78.08,0.1811456,1.9449728,96.450059405822,0.187812844404599,2.01655946298214,NA,NA,NA,NA,NA
"42","aor1d34","con",99.19,13537.9,"NA","13630.3",NA,99.19,92.3999999999996,-0.0734848484848527,NA,95.39,0.2938012,3.1774409,102.39971969697,0.286916019760055,3.10297812279462,NA,NA,NA,NA,NA
"43","aor3d34","init",99.81,16020.22,"NA","NA",NA,99.81,NA,0,NA,90.7,0.316543,3.67335,90.7,0.349,4.05,NA,31.0771874176392,225.358297298906,NA,NA
"44","aor3d34","ext",99.78,14055.1,"NA","14132.3",NA,99.78,77.1999999999989,-0.292487046632143,NA,79.76,0.2376848,2.0322848,103.08876683938,0.230563239126074,1.97139306474241,NA,NA,NA,NA,NA
"45","aor3d34","con",99.19,13504.8,"NA","13596",NA,99.19,91.2000000000007,-0.0876096491227983,NA,96.26,0.3571246,3.3816138,104.693304824561,0.341115031757236,3.23001915515679,NA,NA,NA,NA,NA
"46","oar2d20","init",99.66,16054.96,"NA","NA",NA,99.66,NA,0,NA,95.47,0.4267509,4.1854048,95.47,0.447,4.384,NA,26.3786517223911,207.061788990085,NA,NA
"47","oar2d20","ext",99.47,13466.2,"NA","13540.7",NA,99.47,74.5,-0.335167785234899,NA,76.96,0.2739776,2.2064432,102.754512751678,0.266633155725344,2.14729566703529,NA,NA,NA,NA,NA
"48","oar2d20","con",100.06,13496.4,"NA","13588.2",NA,100.06,91.8000000000011,-0.0899782135076123,NA,96.57,0.3070926,3.4774857,105.25919607843,0.291748950629626,3.30373575854491,NA,NA,NA,NA,NA
"49","oar1d23","init",100.03,16011.56,"NA","NA",NA,100.03,NA,0,NA,95.85,0.368064,4.100463,95.85,0.384,4.278,NA,17.1084780479692,131.047572227775,NA,NA
"50","oar1d23","ext",99.87,14021.3,"14106.3","14107.6",NA,99.87,86.3000000000011,-0.157242178447262,NA,84.55,0.2240575,2.38431,97.844826187716,0.22899269049765,2.43682787623914,NA,NA,NA,NA,NA
"51","oar1d23","con",99.73,14004,"14099.4","14099.1",NA,99.73,95.1000000000004,-0.0486855941114576,NA,97.81,0.3570065,3.2502263,102.571937960042,0.348054747819113,3.16872856713127,NA,NA,NA,NA,NA
"52","oar2d23","init",100.07,16044.5,"NA","14194.2",NA,100.07,-1850.3,0,NA,92.88,0.4588272,4.5734112,92.88,0.494,4.924,NA,17.3544627274718,153.005146768256,NA,NA
"53","oar2d23","ext",100.03,14109.3,"14193.9","14193.9",NA,100.03,84.6000000000004,-0.182387706855787,NA,84.6,0.263952,2.865402,100.03,0.263872838148557,2.86454263720885,NA,NA,NA,NA,NA
"54","oar2d23","con",99.5,14066.1,"NA","14163.2",NA,99.5,97.1000000000004,-0.0247167868177099,NA,97.96,0.3928196,3.7332556,100.381256436663,0.391327638190956,3.71907638190956,NA,NA,NA,NA,NA
"55","oar3d23","init",99.24,15997.71,"NA","NA",NA,99.24,NA,0,NA,95.28,0.3744504,3.8836128,95.28,0.393,4.076,NA,29.8503397134467,217.851360200552,NA,NA
"56","oar3d23","ext",99.79,13508.6,"NA","13586.9",NA,99.79,78.2999999999993,-0.274457215836538,NA,78.29,0.2340871,1.9948292,99.7772554278426,0.234609680328688,1.99928249323578,NA,NA,NA,NA,NA
"57","oar3d23","con",99.66,13467.9,"NA","13562.5",NA,99.66,94.6000000000004,-0.0534883720930192,NA,96.12,0.3517992,3.2565456,101.261302325581,0.347417218543048,3.21598233995586,NA,NA,NA,NA,NA
"58","oor1d23","init",99.58,16013.18,"NA","NA",NA,99.58,NA,0,NA,93.67,0.3625029,4.1823655,93.67,0.387,4.465,NA,30.6098099252575,244.714057862623,NA,NA
"59","oor1d23","ext",99.99,14030.6,"14106.6","14106.6",NA,99.99,76,-0.315657894736842,NA,75.37,0.1876713,2.087749,99.1611355263158,0.189258925892589,2.10541054105411,NA,NA,NA,NA,NA
"60","oor1d23","con",99.6,13522,"13614.2","13617.4",NA,99.6,95.3999999999996,-0.0440251572327083,NA,94.65,0.361563,3.4310625,98.8169811320759,0.365891566265059,3.47213855421685,NA,NA,NA,NA,NA
"61","oor3d23","init",99.46,16021.89,"NA","NA",NA,99.46,NA,0,NA,93.54,0.458346,4.5843954,93.54,0.49,4.901,NA,15.0311048226448,131.902318237748,NA,"Jar broke in freezer"
"62","oor3d23","ext",100,14127,"14208.9","14210.5",NA,100,83.5,-0.197604790419162,NA,82.73,0.3077556,2.7408449,99.0778443113772,0.31062,2.766355,NA,NA,NA,NA,"Jar broke in freezer"
"63","oor3d23","con",99.16,14050.1,"14142.1","14140.7",NA,99.16,90.6000000000004,-0.0944812362030861,NA,93.86,0.3444662,3.5985924,102.728008830022,0.335318676885842,3.50302944735782,NA,NA,NA,NA,"Jar broke in freezer"
"64","aar2d16","init",99.71,16023.87,"NA","NA",NA,99.71,NA,0,NA,90.48,0.40716,3.70968,90.48,0.45,4.1,NA,26.5906068189826,195.204096612047,NA,NA
"65","aar2d16","ext",100.07,14041.3,"14125.5","14125.7",NA,100.07,84.4000000000015,-0.185663507108984,NA,81.28,0.2015744,1.9369024,96.3707298578182,0.20916558409114,2.00984510842414,NA,NA,NA,NA,NA
"66","aar2d16","con",100.02,14047.8,"14143.8","14143.5",NA,100.02,95.7000000000007,-0.045141065830713,NA,96.47,0.2932688,3.125628,100.824758620689,0.290869826034795,3.10005998800242,NA,NA,NA,NA,NA
"67","aor1d14","init",99.39,16018.42,"NA","NA",NA,99.39,NA,0,NA,89.05,0.400725,3.6020725,89.05,0.45,4.045,NA,33.5122282131166,242.716138087837,NA,NA
"68","aor1d14","ext",99.96,14045.4,"NA","14121.3",NA,99.96,75.8999999999996,-0.316996047430836,NA,75.25,0.2265025,1.6080925,99.1039525691704,0.228550420168066,1.62263205282112,NA,NA,NA,NA,NA
"69","aor1d14","con",99.76,13534.6,"NA","13628",NA,99.76,93.3999999999996,-0.0680942184154218,NA,96.4,0.30366,3.066484,102.964282655247,0.294917802726542,2.97820168404169,NA,NA,NA,NA,NA
"70","aor2d14","init",99.69,16009.94,"NA","NA",NA,99.69,NA,0,NA,90.03,0.3565188,3.6273087,90.03,0.396,4.029,NA,33.5634476816527,242.125569757169,NA,NA
"71","aor2d14","ext",99.97,14060,"NA","14138.5",NA,99.97,78.5,-0.273503184713376,NA,76.5,0.181305,1.593495,97.4229936305732,0.186100830249075,1.63564569370811,NA,NA,NA,NA,NA
"72","aor2d14","con",99.76,14069,"NA","14160.8",NA,99.76,91.7999999999993,-0.0867102396514248,NA,93.65,0.39333,3.0408155,101.770413943356,0.386487570168401,2.9879170008019,NA,NA,NA,NA,NA
"73","aor3d14","init",100.03,16073.98,"NA","NA",NA,100.03,NA,0,NA,91.36,0.4558864,4.161448,91.36,0.499,4.555,NA,30.8260276099949,251.410126702823,NA,NA
"74","aor3d14","ext",100.01,14081.7,"NA","14156.7",NA,100.01,75,-0.333466666666667,NA,73.87,0.251158,1.9708516,98.5031826666667,0.254974502549745,2.000799920008,NA,NA,NA,NA,NA
"75","aor3d14","con",99.97,13476.2,"NA","13569",NA,99.97,92.7999999999993,-0.0772629310344912,NA,95.37,0.3957855,3.4981716,102.738565732759,0.385235570671198,3.40492547764327,NA,NA,NA,NA,NA
"76","aor2d15","init",99.45,16040.59,"NA","NA",NA,99.45,NA,0,NA,87.8,0.39949,3.62175,87.8,0.455,4.125,NA,-15.8149769636951,-116.807126186647,NA,NA
"77","aor2d15","ext",99.76,14081.8,"NA","14160.4",NA,99.76,78.6000000000004,-0.269211195928747,NA,75.05,0.1808705,1.607571,95.2543002544525,0.189881716118686,1.68766238973537,NA,NA,NA,NA,NA
"78","aor2d15","con",99.63,14103,"NA","14135.6",NA,99.63,32.6000000000004,-2.05613496932512,NA,94.99,0.3163167,3.0054836,290.302260736193,0.108961156278231,1.03529458998295,NA,NA,NA,NA,NA
"79","aor3d15","init",100.07,15999.52,"NA","NA",NA,100.07,NA,0,NA,91.73,0.3467394,3.7013055,91.73,0.378,4.035,NA,21.0476983707187,152.063496733841,NA,NA
"80","aor3d15","ext",99.8,14070,"NA","14152.7",NA,99.8,82.7000000000007,-0.206771463119699,NA,82.81,0.2434614,2.0627971,99.9327448609423,0.243625250501004,2.0641853707415,NA,NA,NA,NA,NA
"81","aor3d15","con",100,14042.1,"NA","14135.6",NA,100,93.5,-0.0695187165775401,NA,95.6,0.373796,2.978896,102.245989304813,0.365585,2.91346,NA,NA,NA,NA,NA
"82","oar3d14","init",100.08,16038.04,"NA","NA",NA,100.08,NA,0,NA,91.99,0.4406321,3.9298128,91.99,0.479,4.272,NA,34.7019434136222,265.437246666059,NA,NA
"83","oar3d14","ext",99.42,14148.9,"NA","14221.5",NA,99.42,72.6000000000004,-0.369421487603299,NA,71.81,0.2319463,1.4843127,98.3381570247929,0.235866022933013,1.50939649969826,NA,NA,NA,NA,NA
"84","oar3d14","con",99.65,13992.3,"NA","14082.7",NA,99.65,90.4000000000015,-0.10232300884954,NA,94.64,0.3151512,3.1212272,104.32384955752,0.302089312594084,2.9918635223282,NA,NA,NA,NA,NA
"85","oar2d15","init",99.61,15979.03,"NA","NA",NA,99.61,NA,0,NA,89.07,0.3945801,3.6304932,89.07,0.443,4.076,NA,31.7110092984615,231.43075004571,NA,NA
"86","oar2d15","ext",99.32,14091.2,"NA","14167.8",NA,99.32,76.5999999999985,-0.296605744125351,NA,72.83,0.182075,1.5855091,94.4317963446493,0.192811115585981,1.67899919452272,NA,NA,NA,NA,NA
"87","oar2d15","con",99.29,14039.6,"NA","14129.8",NA,99.29,90.1999999999989,-0.100776053215091,NA,93.14,0.349275,3.0466094,102.526281596454,0.340668748111588,2.97153993352801,NA,NA,NA,NA,NA
"88","oar4d15","init",96.92,13527.93,"NA","14128.3",NA,96.92,600.369999999999,0,NA,82.74,0.3698478,3.876369,82.74,0.447,4.685,NA,30.6977456381497,257.509289730943,NA,NA
"89","oar4d15","ext",99.57,14054.9,"NA","14128.3",NA,99.57,73.3999999999996,-0.356539509536791,NA,71.23,0.2051424,1.9908785,96.6263092643057,0.212304911117806,2.06038967560509,NA,NA,NA,NA,NA
"90","oar4d15","con",99.23,13423.4,"NA","13515",NA,99.23,91.6000000000004,-0.0832969432314368,NA,91.42,0.351967,3.464818,99.035006550218,0.355396553461656,3.49857905875241,NA,NA,NA,NA,NA
"91","oar2d16","init",100.02,16003.36,"NA","NA",NA,100.02,NA,0,NA,92.5,0.41995,3.958075,92.5,0.454,4.279,NA,12.6990021923185,97.2945933409681,NA,NA
"92","oar2d16","ext",99.61,14071.1,"NA","14148.3",NA,99.61,77.1999999999989,-0.290284974093282,NA,74.23,0.2546089,1.9396299,95.7778536269444,0.265832747716089,2.02513402268846,NA,NA,NA,NA,NA
"93","oar2d16","con",99.48,14083.5,"NA","14158.3",NA,99.48,74.7999999999993,-0.329946524064184,NA,94.17,0.3738549,3.2168472,125.241064171124,0.298508242862884,2.56852432649776,NA,NA,NA,NA,NA
"94","oar1d20","init",99.96,16056.16,"NA","NA",NA,99.96,NA,0,NA,93.31,0.4553528,4.124302,93.31,0.488,4.42,NA,28.1674911755015,222.91908862259,NA,NA
"95","oar1d20","ext",99.93,14076.1,"14151.6","14153.9",NA,99.93,77.7999999999993,-0.28444730077122,NA,74.15,0.256559,1.996118,95.241767352186,0.269376563594514,2.09584309016309,NA,NA,NA,NA,NA
"96","oar1d20","con",99.74,14014.2,"NA","14107.8",NA,99.74,93.5999999999985,-0.0655982905983071,NA,95.21,0.3341871,3.389476,101.455613247865,0.329392420292756,3.34084620012026,NA,NA,NA,NA,NA
"97","oar3d20","init",99.19,15965.19,"NA","NA",NA,99.19,NA,0,NA,90.95,0.4774875,4.352867,90.95,0.525,4.786,NA,33.9896802772189,291.270563664762,NA,NA
"98","oar3d20","ext",99.5,14069.7,"NA","14141.1",NA,99.5,71.3999999999996,-0.393557422969195,NA,69.61,0.2498999,1.8523221,97.0055322128856,0.257614070351758,1.90950150753768,NA,NA,NA,NA,"Issues with data entry"
"99","oar3d20","con",99.19,13572,"NA","13662.8",NA,99.19,90.7999999999993,-0.0924008810572775,NA,91.59,0.4057437,3.5381217,100.052996696036,0.405528783143459,3.53624760560538,NA,NA,NA,NA,NA
"100","oar2d34","init",99.17,16021.05,"NA","NA",NA,99.17,NA,0,NA,87.13,0.4591751,4.3077072,87.13,0.527,4.944,NA,28.338874718981,250.863736097838,NA,NA
"101","oar2d34","ext",99.37,13495.7,"NA","13572.2",NA,99.37,76.5,-0.298954248366013,NA,75.56,0.2485924,2.561484,98.148983006536,0.253280668209721,2.60979168763208,NA,NA,NA,NA,NA
"102","oar2d34","con",100.04,13425.9,"NA","13520.4",NA,100.04,94.5,-0.0586243386243387,NA,95.38,0.4492398,4.0498348,100.971589417989,0.444917033186725,4.01086565373851,NA,NA,NA,NA,NA
"103","oor3d16","init",99.58,16026.23,"NA","NA",NA,99.58,NA,0,NA,88.78,0.3932954,4.1273822,88.78,0.443,4.649,NA,NA,NA,NA,NA
"104","oor3d16","ext",99.86,14084.8,"NA","NA",NA,99.86,NA,NA,NA,82.16,0.3565744,2.5329928,NA,NA,NA,NA,NA,NA,NA,NA
"105","oor3d16","con",99.86,14120.8,"NA","14213.5",NA,99.86,92.7000000000007,-0.0772384034519872,NA,95.65,0.3778175,3.334359,103.037853290183,0.366678349689568,3.23605247346287,NA,NA,NA,NA,NA
"106","oor1d20","init",99.92,16061.31,"NA","NA",NA,99.92,NA,0,NA,90.08,0.4017568,3.8446144,90.08,0.446,4.268,NA,27.2016542215952,207.87226538544,NA,NA
"107","oor1d20","ext",99.33,14061.1,"NA","14136.8",NA,99.33,75.6999999999989,-0.312153236459728,NA,75.22,0.210616,2.027179,98.7001664465008,0.213389711064127,2.05387596899222,NA,NA,NA,NA,NA
"108","oor1d20","con",99.41,14087.3,"NA","14179.8",NA,99.41,92.5,-0.0747027027027027,NA,95.07,0.3355971,3.2846685,102.171985945946,0.328462931294638,3.2148425711699,NA,NA,NA,NA,NA
"109","oor2d23","init",99.58,16010.09,"NA","NA",NA,99.58,NA,0,NA,90.48,0.4089696,4.3285632,90.48,0.452,4.784,NA,2914.59951125813,24965.8801465692,NA,NA
"110","oor2d23","ext",99.63,14056.6999999999,"NA","14133.5",NA,99.63,14119.4433,0.992943772790249,NA,74.24,0.2939904,2.2316544,0.523854308051924,56.1206418428194,426.006690352311,NA,NA,NA,NA,NA
"111","oor2d23","con",100.01,14091.6,"NA","14148",NA,100.01,14133.9084,0.99292410866339,NA,93.85,0.4626805,3.7549385,0.664072401940857,69.6732010918904,565.4411309709,NA,NA,NA,NA,NA
"112","aor1d13","init",100.09,16026.63,"NA","NA",NA,100.09,NA,0,NA,91.58,0.3864676,3.6137468,91.58,0.422,3.946,NA,22.6396170828847,159.956900642906,NA,NA
"113","aor1d13","ext",99.99,14088.3,"14173.8","14174",NA,99.99,85.7000000000007,-0.166744457409558,NA,82.02,0.2230944,1.9487952,95.696380396732,0.233127312731275,2.03643564356437,NA,NA,NA,NA,NA
"114","aor1d13","con",99.48,14088.6,"14183.1","14184.6",NA,99.48,96,-0.03625,NA,96.19,0.3385888,2.9203284,99.6768875,0.339686369119421,2.92979493365501,NA,NA,NA,NA,NA
"115","aor2d13","init",99.42,16002.89,"NA","14169.2",NA,99.42,14153.19711,0,NA,90.99,0.336663,3.603204,90.99,0.37,3.96,NA,3613.58001783982,25621.8028122573,NA,NA
"116","aor2d13","ext",99.85,14097.3,"NA","14176.3",NA,99.85,14162.2027,0.992949543082024,NA,74.83,0.1661226,1.6028586,0.527585691172177,31.4873209754633,303.81009697947,NA,NA,NA,NA,NA
"117","aor2d13","con",99.72,14063.8,"NA","14157.4",NA,99.72,14143.3362,0.992949329734522,NA,92.46,0.2829276,2.9134146,0.651904972746095,43.4001291335747,446.907865685927,NA,NA,NA,NA,NA
"118","expInitr1","init",100.05,16006.53,"NA","14140.9",NA,100.05,-1865.63,0,NA,90.95,0.341972,3.6334525,90.95,0.376,3.995,NA,30.0562009127436,214.994669017745,NA,NA
"119","expInitr1","ext",100.06,14050.7,"NA","14131.8",NA,100.06,81.0999999999985,-0.233785450061674,NA,78.17,0.242327,1.6142105,96.4450086313211,0.251259244453323,1.67371077353585,NA,NA,NA,NA,NA
"120","expInitr1","con",100,14102.7,"NA","14196.3",NA,100,93.5999999999985,-0.068376068376085,NA,95.43,0.2853357,2.9306553,101.95512820513,0.279863999999996,2.87445599999996,NA,NA,NA,NA,NA
"121","expInitr3","init",99.95,16056.33,"NA","NA",NA,99.95,NA,0,NA,92.29,0.3894638,3.645455,92.29,0.422,3.95,NA,33.3772058533384,236.060811317255,NA,NA
"122","expInitr3","ext",99.52,14083.9,"NA","14160.9",NA,99.52,77,-0.292467532467532,NA,74.16,0.1646352,1.5032232,95.8493922077922,0.171764469453376,1.56831792604502,NA,NA,NA,NA,NA
"123","expInitr3","con",99.56,14111.1,"NA","14203.9",NA,99.56,92.7999999999993,-0.0728448275862153,NA,94.19,0.2882214,2.9170643,101.051254310346,0.285222981116912,2.88671755725189,NA,NA,NA,NA,NA
"124","oor1d13","init",99.29,16048.38,"NA","NA",NA,99.29,NA,0,NA,91.99,0.377159,4.075157,91.99,0.41,4.43,NA,33.9951432663252,269.648137278103,NA,"Empty vial measurement was we"
"125","oor1d13","ext",99.98,13426.9,"NA","13503.5",NA,99.98,76.6000000000004,-0.305221932114876,NA,74.31,0.2043525,1.9863063,96.9910417754565,0.210692138427687,2.04792758551711,NA,NA,NA,NA,NA
"126","oor1d13","con",99.58,13480.8,"NA","13575.4",NA,99.58,94.6000000000004,-0.0526427061310742,NA,95.99,0.345564,3.5909859,101.043173361522,0.341996384816229,3.55391243221532,NA,NA,NA,NA,NA
"127","oor2d16","init",100,16084.84,"NA","NA",NA,100,NA,0,NA,90.99,0.3812481,4.0181184,90.99,0.419,4.416,NA,36.8050186997808,291.013361823155,NA,NA
"128","oor2d16","ext",99.27,14064.7,"NA","14139.2",NA,99.27,74.5,-0.33248322147651,NA,71.57,0.2104158,2.0418921,95.3658241610738,0.220640676941674,2.14111514052584,NA,NA,NA,NA,NA
"129","oor2d16","con",99.49,14043.6,"NA","14147",NA,99.49,103.4,0.0378143133462249,NA,93.17,0.3205048,3.3764808,89.6468404255322,0.357519348678258,3.76642476630816,NA,NA,NA,NA,NA
"130","b21jun21r1","init",100.09,NA,"NA","14163.5",NA,100.09,NA,0,NA,89.27,0.9498328,8.6654389,89.27,1.064,9.707,NA,94.5798603506913,1643.84369637271,NA,NA
"131","b21jun21r1","ext",99.13,13554.6,"NA","13528.6",NA,99.13,-26,4.81269230769231,NA,66.86,0.6298212,4.7731354,-254.916607692308,-0.24706950469081,-1.87243014223747,NA,NA,NA,NA,NA
"132","b21jun21r1","con",99.29,14115.6,"NA","14204.3",NA,99.29,88.6999999999989,-0.11939120631343,NA,88.39,0.8025812,7.2311859,98.9429887260441,0.811155201933719,7.30843690200414,NA,NA,NA,NA,NA
"133","b21jun21r3","init",100.04,NA,"NA","14168.9",NA,100.04,NA,0,NA,86.38,1.023603,8.8807278,86.38,1.185,10.281,NA,21.2926984034961,391.961024684589,NA,NA
"134","b21jun21r3","ext",99.73,13457.4,"NA","13528.6",NA,99.73,71.2000000000007,-0.400702247190997,NA,62.68,0.6230392,4.8683556,87.7960168539317,0.709644038905051,5.54507570440194,NA,NA,NA,NA,NA
"135","b21jun21r3","con",99.76,13398.7,"NA","13488.5",NA,99.76,89.7999999999993,-0.110913140311813,NA,89.58,0.8725092,7.6967136,99.5155991091322,0.876756214915791,7.73417802726537,NA,NA,NA,NA,NA
"136","b26jul21 sed trap","init",99.66,NA,"NA","13645.8",NA,99.66,NA,0,NA,94.78,2.1098028,16.9627766,94.78,2.226,17.897,NA,-209.033212357057,-6698.41969839616,NA,NA
"137","b26jul21 sed trap","ext",99.9,13475.4,"NA","13548.3",NA,99.9,13534.8246,0.992619039924611,NA,67.68,1.4097744,11.2626288,0.499543377902356,282.212609027031,2254.58474643247,NA,NA,NA,NA,NA
"138","b26jul21 sed trap","con",99.3,13638.6,"NA","13718.3",NA,99.3,13704.6614,0.99275429015707,NA,78.3,1.645083,12.578895,0.567339080701402,289.964688835852,2217.17407241692,NA,NA,NA,NA,NA
"139","b31mar21r2","init",99.52,NA,"NA","13630.7",NA,99.52,NA,0,NA,90,1.0296,9.4275,90,1.144,10.475,NA,20.6668784325128,387.619608917765,NA,NA
"140","b31mar21r2","ext",99.54,13531.4,"NA","13604.6",NA,99.54,73.2000000000007,-0.359836065573757,NA,64.95,0.6839235,5.159628,88.3213524590155,0.774358047016283,5.84188065099463,NA,NA,NA,NA,NA
"141","b31mar21r2","con",99.76,13429.1,"NA","13520.7",NA,99.76,91.6000000000004,-0.0890829694323101,NA,90.01,0.8874986,7.848872,98.0283580786022,0.905348837209306,8.00673616680035,NA,NA,NA,NA,NA
"142","b31mar21r3","init",99.49,NA,"NA","14094.7",NA,99.49,NA,0,NA,83.55,0.930747,8.181216,83.55,1.114,9.792,NA,17.6260273272398,309.031440623692,NA,NA
"143","b31mar21r3","ext",100.01,13556.5,"NA","13632.6",NA,100.01,76.1000000000004,-0.314191852825224,NA,71.22,0.5897016,5.1413718,93.5967437582124,0.630044995500453,5.49310968903112,NA,NA,NA,NA,NA
"144","b31mar21r3","con",100.03,13470.6,"NA","13561.8",NA,100.03,91.1999999999989,-0.0968201754386096,NA,89.82,0.880236,7.1119476,98.5163881578959,0.893491952414265,7.21905028491444,NA,NA,NA,NA,NA
"145","b6sep21 sed trap","init",88.45,NA,"NA","14182.3",NA,88.45,NA,0,NA,72.48,2.221512,16.9769904,72.48,3.065,23.423,NA,-1303.54832897419,-54669.6732489925,NA,NA
"146","b6sep21 sed trap","ext",99.55,13472,"NA","13537.2",NA,99.55,13523.728,0.992638864076533,NA,58.54,1.7380526,13.7756328,0.430920896959769,403.334489522857,3196.78922447015,NA,NA,NA,NA,NA
"147","b6sep21 sed trap","con",100.09,14037.1,"NA","14120.4",NA,100.09,14106.3629,0.99290462036816,NA,80.91,2.0866689,16.5994956,0.574087166012163,363.475970817259,2891.45909937452,NA,NA,NA,NA,NA
"148","b9aug21 sed trap","init",100.08,NA,"NA","13511.9",NA,100.08,NA,0,NA,89.1,1.922778,15.670908,89.1,2.158,17.588,NA,177.254291184832,5582.00263806415,NA,"Processed 15 Aug 21"
"149","b9aug21 sed trap","ext",100.07,13504.5,"NA","13575.6",NA,100.07,13562.0955,0.992621346752793,NA,67.63,1.2741492,10.8248578,0.499018319108572,255.331147416811,2169.23054434898,NA,NA,NA,NA,"Processed 15 Aug 21"
"150","b9aug21 sed trap","con",100.06,14088.6,"NA","14173.1",NA,100.06,14159.0114,0.99293312243537,NA,83.57,1.5610876,12.995135,0.590578958076122,264.331733911655,2200.40602908257,NA,NA,NA,NA,"Processed 15 Aug 21"
"151","f21jun21r1","init",100.07,NA,"NA","14167.2",NA,100.07,NA,0,NA,87.69,0.8576082,8.427009,87.69,0.978,9.61,NA,265.774776127357,4573.13446478764,NA,NA
"152","f21jun21r1","ext",99.47,14059.6999999999,"NA","14126.9",NA,99.47,14112.8403,0.992951808573927,NA,62.59,0.5414035,4.6936241,0.441146301357918,122.726519146477,1063.96088679703,NA,NA,NA,NA,NA
"153","f21jun21r1","con",99.25,13434.6,"NA","13525",NA,99.25,13511.5654,0.992654441061285,NA,89.87,0.7171626,7.1922961,0.660145381822304,108.637069916372,1089.50184278287,NA,NA,NA,NA,NA
"154","f21jun21r4","init",99.57,NA,"NA","13643.9",NA,99.57,NA,0,NA,89.48,0.8939052,9.2862344,89.48,0.999,10.378,NA,668.294011590934,12418.1830837793,NA,NA
"155","f21jun21r4","ext",99.87,14081.6,"NA","14158.6",NA,99.87,14144.5184,0.99293931421518,NA,72.56,0.6486864,5.7061184,0.512323360546517,126.616596070891,1113.77283165715,NA,NA,NA,NA,NA
"156","f21jun21r4","con",99.52,13501.2,"NA","13591.1",NA,99.52,13577.5988,0.99267027981413,NA,89.99,0.7901122,7.8039328,0.659601519526419,119.786291663986,1183.12838418005,NA,NA,NA,NA,NA
"157","f31mar21r3","init",99.93,NA,"NA","13580.2",NA,99.93,NA,0,NA,92.29,0.6072682,6.0209996,92.29,0.658,6.524,NA,1978.9062029851,23116.1755922556,NA,NA
"158","f31mar21r3","ext",99.93,13502.1,"NA","13574.2",NA,99.93,13560.6979,0.992630910242459,NA,69.88,0.356388,3.0041412,0.514951992256968,69.2080048934265,583.382770660472,NA,NA,NA,NA,NA
"159","f31mar21r3","con",99.91,13488.0999999999,"NA","13580.2",NA,99.91,13566.7119,0.992635651089488,NA,94.63,0.5166798,4.9652361,0.696888337401774,74.1409738504665,712.48661134322,NA,NA,NA,NA,NA
"160","b10jun21r1","init",100.01,NA,"NA","NA",NA,100.01,NA,0,NA,88.71,0.9864552,8.8204353,88.71,1.112,9.943,NA,1243.14435464046,22131.7534793018,NA,NA
"161","b10jun21r1","ext",99.21,14053.8,"NA","14128.3",NA,99.21,14114.2462,0.992970931738459,NA,71.27,0.6015188,5.2226656,0.500961695000044,120.072813151901,1042.52793220039,NA,NA,NA,NA,NA
"162","b10jun21r1","con",99.4,14058.6,"NA","14158.5",NA,99.4,14144.4414,0.992972504378999,NA,98.11,0.8692546,8.0401145,0.689467595376371,126.076208052314,1166.13377538229,NA,NA,NA,NA,NA
"163","b21jun21r2","init",99.83,NA,"NA","14228.4",NA,99.83,NA,0,NA,91.82,0.697832,6.97832,91.82,0.76,7.6,NA,2144.34421257276,29179.9749607036,NA,NA
"164","b21jun21r2","ext",99.93,13430,"NA","13508.4",NA,99.93,13494.97,0.992595018736611,NA,74.99,0.4364418,4.1836921,0.555299544941562,78.5957424196935,753.411764535172,NA,NA,NA,NA,NA
"165","b21jun21r2","con",99.26,14082.4,"NA","14175.7",NA,99.26,14161.6176,0.992990913693362,NA,94.69,0.6145381,6.0819387,0.663690382375535,92.5940945234727,916.381924690701,NA,NA,NA,NA,NA
"166","b21jun21r4","init",99.75,NA,"NA","NA",NA,99.75,NA,0,NA,93.66,0.7408506,7.1827854,93.66,0.791,7.669,NA,1508.02258239859,20707.2966596505,NA,NA
"167","b21jun21r4","ext",99.81,14046.5,"NA","14128.3",NA,99.81,14114.2535,0.992928425155464,NA,75.26,0.4568282,3.9684598,0.532206722799756,85.8366083007716,745.661343607856,NA,NA,NA,NA,NA
"168","b21jun21r4","con",100,13630.8,"NA","13726.6",NA,100,13712.9692,0.992707633296515,NA,95.15,0.635602,5.9763715,0.693868691836627,91.6026342560004,861.311595452004,NA,NA,NA,NA,NA
"169","b23aug21 sed trap","init",91.79,NA,"NA","13556.3",NA,91.79,NA,0,NA,83.55,1.966767,15.069078,83.55,2.354,18.036,NA,12.2357227907753,395.13607207596,NA,NA
"170","b23aug21 sed trap","ext",99.83,13488.5,"NA","13560",NA,99.83,13546.5115,0.992630575037714,NA,69.83,1.4796977,11.9444215,0.514606945116455,287.539395657621,2321.07662233299,NA,NA,NA,NA,NA
"171","b23aug21 sed trap","con",99.39,14084.8999999999,"NA","14175.2",NA,99.39,14161.1151,0.992981484911453,NA,88.87,1.7809548,14.4911422,0.623735435919158,285.530482547544,2323.28345729553,NA,NA,NA,NA,NA
"172","b24aug21r1","init",99.78,NA,"NA","14184.4",NA,99.78,NA,0,NA,91.1,0.986613,8.979727,91.1,1.083,9.857,NA,917.819620694516,16198.6535383811,NA,NA
"173","b24aug21r1","ext",99.65,14117.3,"NA","14167.8",NA,99.65,14153.6827,0.992959429562456,NA,49.73,0.5107271,3.6138791,0.350127567859069,145.868862347216,1032.16068420372,NA,NA,NA,NA,NA
"174","b24aug21r1","con",99.82,13484,"NA","13576.9",NA,99.82,13563.416,0.992640497054724,NA,92.46,0.8866914,7.6390452,0.680459642320201,130.307713323982,1122.63016421558,NA,NA,NA,NA,NA
"175","b24aug21r3","init",99.2,NA,"NA","14174.7",NA,99.2,NA,0,NA,89.79,0.9912816,9.1352346,89.79,1.104,10.174,NA,1014.72891323796,18484.9632287968,NA,NA
"176","b24aug21r3","ext",99.37,13524.8,"NA","13596.5",NA,99.37,13582.9752,0.992684224292775,NA,65.71,0.6367299,5.0340431,0.480719621721761,132.453486653919,1047.18902090368,NA,NA,NA,NA,NA
"177","b24aug21r3","con",99.53,13524.8,"NA","13607.5",NA,99.53,13593.9752,0.992678374166815,NA,105.13,0.9640421,8.8550999,0.769722523842773,125.245405992162,1150.42754053651,NA,NA,NA,NA,NA
"178","f10jun21r1","init",99.65,NA,"NA","NA",NA,99.65,NA,0,NA,92.66,0.8422794,8.8193788,92.66,0.909,9.518,NA,515.040233387696,8777.35531134125,NA,NA
"179","f10jun21r1","ext",99.16,14067.2,"NA","14137.7",NA,99.16,14123.6328,0.99297914343964,NA,61.78,0.4954756,4.2856786,0.433748518299062,114.231076095199,988.056078394509,NA,NA,NA,NA,NA
"180","f10jun21r1","con",101.02,13543.4,"NA","13640.7",NA,101.02,13627.1566,0.992586861444008,NA,96.18,0.7521276,7.3943184,0.712995666315308,105.488383104335,1037.07760780835,NA,NA,NA,NA,NA
"181","f10jun21r2","init",99.73,NA,"NA","14186.7",NA,99.73,NA,0,NA,89.54,0.7404958,7.9484658,89.54,0.827,8.877,NA,1914.10235913537,30423.4317673137,NA,NA
"182","f10jun21r2","ext",100.04,13601,"NA","13515.6",NA,100.04,13501.999,0.992590726750906,NA,70.15,0.6460815,5.081666,0.519760518423979,124.303689314273,977.693730067966,NA,NA,NA,NA,NA
"183","f10jun21r2","con",99.67,13512.7,"NA","13565.9",NA,99.67,13552.3873,0.992645576178302,NA,117.6,1.036056,9.92544,0.864880241431706,119.791845202167,1147.60859648841,NA,NA,NA,NA,NA
"184","f21jun21r3","init",99.52,NA,"NA","14177.1",NA,99.52,NA,0,NA,84.16,0.7675392,7.9076736,84.16,0.912,9.396,NA,1717.16256515551,28888.915778337,NA,NA
"185","f21jun21r3","ext",100.01,13540.6,"NA","13542.4",NA,100.01,13528.8594,0.99260765471478,NA,63.07,0.5007758,4.4849077,0.466235217138859,107.408402795719,961.940997834202,NA,NA,NA,NA,NA
"186","f21jun21r3","con",99.34,13462.3,"NA","14142",NA,99.34,14128.5377,0.992968840646545,NA,92.73,0.7770774,7.3238154,0.651999406845903,119.183758733642,1123.28559245621,NA,NA,NA,NA,NA
"187","aar1d20","con",100.04,13428.8,"NA","13525.6",NA,100.04,13512.1712,0.99259630458205,NA,94.29,0.2847558,3.1653153,0.698094440958542,40.7904408476605,453.422218296676,NA,3298.42942492374,23830.1928908994,NA,NA
"188","aar1d20","ext",99.9,14031.7,"NA","14111.4",NA,99.9,14097.3683,0.99291357096771,NA,73.28,0.1568192,1.663456,0.519293519486183,30.1985667287289,320.330591001003,NA,NA,NA,NA,NA
"189","aar1d20","init",100.09,16018.7199999999,"NA","14187.5",NA,100.09,14171.48128,0,NA,92.45,0.35131,3.7303575,92.45,0.38,4.035,NA,NA,NA,NA,NA
"190","aor2d20","con",99.73,15964.51,"NA","14206.5",NA,99.73,14190.53549,0.992972076348332,NA,91.88,0.3381184,3.26174,0.645725625115219,52.3625494868147,505.127855103783,NA,3968.63957628609,29397.0670135999,NA,NA
"191","aor2d20","ext",100.02,13553,"NA","13632.3",NA,100.02,13618.747,0.992655712012272,NA,73.5,0.158025,1.84044,0.539805167097981,29.2744511597675,340.945235832828,NA,NA,NA,NA,NA
"192","aor2d20","init",99.46,15964.51,"NA","14139.5",NA,99.46,14123.53549,0,NA,92.66,0.3511814,3.8333442,92.66,0.379,4.137,NA,NA,NA,NA,NA
"193","aor3d20","con",99.34,14111.4,"NA","13602.5",NA,99.34,13588.3886,0.992689346549892,NA,93.27,0.326445,3.1459971,0.68186464729159,47.8753373263536,461.381465147973,NA,3121.25241722253,22673.0905222414,NA,NA
"194","aor3d20","ext",100.06,13470.9,"NA","13552.4",NA,100.06,13538.9291,0.99260945978364,NA,77.23,0.1729952,1.9106702,0.570771420909495,30.3090157745357,334.752254581255,NA,NA,NA,NA,NA
"195","aor3d20","init",99.43,15994.77,"NA","14155.1",NA,99.43,14139.10523,0,NA,90.78,0.3304392,3.6829446,90.78,0.364,4.057,NA,NA,NA,NA,NA
"196","oor3d13_topOrange","con",75.83,13494.4,"NA","14124",NA,75.83,14110.5056,0.994625989872397,NA,73.58,0.3362606,2.9071458,0.395419665189038,85.0389167770004,735.205164520631,NA,4796.96234623449,40651.7865438278,NA,NA
"197","oor3d13_topOrange","ext",89.82,14038.7,"NA","14101.5",NA,89.82,14087.4613,0.993624117356049,NA,57.93,0.1766865,1.876932,0.369354881564071,47.8365141004237,508.164936673353,NA,NA,NA,NA,NA
"198","oor3d13_topOrange","init",54.06,NA,"NA","NA",NA,54.06,NA,0,NA,48.85,0.1978425,2.3120705,48.85,0.405,4.733,NA,NA,NA,NA,NA
"199","oor2d20","con",100.07,13431.3,"NA","13528.4",NA,100.07,13514.9687,0.992595617332062,NA,92.84,0.3453648,3.5984784,0.687422886891326,50.2405152033581,523.473755183376,NA,2878.63908375022,23941.4118961858,NA,NA
"200","oor2d20","ext",99.68,13462.9999999999,"NA","13541.1",NA,99.68,13527.637,0.992631381223491,NA,73.67,0.2350073,2.1158024,0.542846145265429,43.2916954554575,389.760969743179,NA,NA,NA,NA,NA
"201","oor2d20","init",99.51,16053.07,"NA","14214.2",NA,99.51,14198.14693,0,NA,94.7,0.381641,4.398815,94.7,0.403,4.645,NA,NA,NA,NA,NA
"202","b21sep21r2_sedtrap","con",99.52,14069.6999999999,"NA","14145.1",NA,99.52,14131.0303,0.992957342961751,NA,70.59,0.6889584,6.8655834,0.497141160329974,138.584059212218,1381.01286874799,NA,2596.55036890615,95405.2106003993,NA,NA
"203","b21sep21r2_sedtrap","ext",99.46,14040,"NA","14113.9",NA,99.46,14099.86,0.992946029251354,NA,66.33,0.4052763,3.9685239,0.467889879757664,86.617881158256,848.174767544756,NA,NA,NA,NA,NA
"204","b21sep21r2_sedtrap","init",99.5,15416.65,"NA","13554.5",NA,99.5,13539.08335,0,NA,88.99,2.4107391,18.2616379,88.99,2.709,20.521,NA,NA,NA,NA,NA
"205","b21sep21","con",99.2,13446.6,"NA","13540.9",NA,99.2,13527.4534,0.992666764610699,NA,86.42,2.069759,15.7742426,0.633738202343395,326.595271098789,2489.07869869152,NA,-1308.04125117132,-48223.0427244719,NA,NA
"206","b21sep21","ext",99.45,13473.4,"NA","13543.6",NA,99.45,13530.1266,0.992649736182069,NA,58.15,1.539812,11.7899125,0.427417841012662,360.259177846154,2758.4043923077,NA,NA,NA,NA,NA
"207","b21sep21","init",91.67,13450.7499999999,"NA","13540.6",NA,91.67,13527.14925,0,NA,83.6,2.283116,17.21324,83.6,2.731,20.59,NA,NA,NA,NA,NA
"208","b24aug21r2","con",99.25,13451.9,"13544.8","13550",NA,99.25,13536.5481,0.992667997833214,NA,89.92,0.481072,4.2586112,0.659293634837368,72.9677907657441,645.935433769279,NA,-7544.73354024681,-110584.044333859,NA,NA
"209","b24aug21r2","ext",99.28,14002,"14158.8","14161.4",NA,99.28,14147.398,0.992982455148289,NA,71.09,0.7094782,6.3035503,0.498877263508106,142.214979895245,1263.54732137388,NA,NA,NA,NA,NA
"210","b24aug21r2","init",99.35,NA,"NA","NA",NA,99.35,NA,0,NA,89.99,0.8198089,7.3665814,89.99,0.911,8.186,NA,NA,NA,NA,NA
"211","b24aug21r4","con",100.01,13458.7,"NA","13551.9",NA,100.01,13538.4413,0.992612886684378,NA,86.64,0.7910232,7.009176,0.640019497665506,123.59360970803,1095.15038613139,NA,849.589796209212,14668.9246281924,NA,NA
"212","b24aug21r4","ext",99.38,13503.9,"NA","13580.5",NA,99.38,13566.9961,0.992674870747549,NA,66.86,0.6164492,4.9623492,0.489758141818868,125.868086176296,1013.22444208294,NA,NA,NA,NA,NA
"213","b24aug21r4","init",99.59,NA,"NA","NA",NA,99.59,NA,0,NA,84.34,0.9294268,8.1329062,84.34,1.102,9.643,NA,NA,NA,NA,NA
"214","b26oct21_sedtrap","con",99.18,13439.3999999999,"NA","13533",NA,99.18,13519.5606,0.992663962762222,NA,89.99,1.3840462,11.2721474,0.660169991027672,209.649971796732,1707.46134377494,NA,-1707.41634357198,-44298.0533900771,NA,NA
"215","b26oct21_sedtrap","ext",99.36,13476.1,"NA","13556.6",NA,99.36,13543.1239,0.992663435649437,NA,72.57,1.3418193,10.4079894,0.532414474920373,252.025322978058,1954.86597195852,NA,NA,NA,NA,NA
"216","b26oct21_sedtrap","init",99.59,13500.41,"NA","13598.1",NA,99.59,13584.59959,0,NA,90.27,1.6681896,13.080123,90.27,1.848,14.49,NA,NA,NA,NA,NA
"217","b9nov21r1","con",99.32,13532.8,"13633.4","13637.7",NA,99.32,13624.1672,0.992710013130197,NA,96.5,0.989125,8.981255,0.703483732935993,140.603819774465,1276.68268355214,NA,NA,NA,NA,NA
"218","b9nov21r1","ext",99.63,13532.9,"13607.1","NA",NA,99.63,NA,NA,NA,68.05,0.669612,5.799221,NA,NA,NA,NA,NA,NA,NA,"Using weight before fumigation because after-fumigation measurement is missing"
"219","b9nov21r1","init",99.44,NA,"NA","NA",NA,99.44,NA,0,NA,91.26,1.090557,9.7264908,91.26,1.195,10.658,NA,NA,NA,NA,NA
"220","b9nov21r2","con",99.31,13490.8,"NA","13584.7",NA,99.31,13571.2092,0.992682302767833,NA,90.21,0.8849601,8.0187669,0.66012946731378,134.058566359885,1214.72639793376,NA,1046.10177337992,18996.5339044211,NA,NA
"221","b9nov21r2","ext",99.53,13478.7,"NA","13555.7",NA,99.53,13542.2213,0.99265039332949,NA,68.62,0.6910034,5.5911576,0.504330009730381,137.014134925149,1108.63075607757,NA,NA,NA,NA,NA
"222","b9nov21r2","init",99.59,NA,"NA","NA",NA,99.59,NA,0,NA,92.6,1.026008,9.391492,92.6,1.108,10.142,NA,NA,NA,NA,NA
"223","b9nov21r3","con",99.95,13441.2,"NA","13535.3",NA,99.95,13521.8588,0.992608264774958,NA,77.37,0.8077428,7.0600125,0.571898554361482,141.238825284641,1234.48685892945,NA,91.6175797903576,1759.02472353089,NA,NA
"224","b9nov21r3","ext",99.82,14004.2,"NA","14079.8",NA,99.82,14065.7958,0.99290335211606,NA,66.8,0.71142,5.805588,0.47405607864718,150.07085280505,1224.66270584853,NA,NA,NA,NA,NA
"225","b9nov21r3","init",99.34,NA,"NA","NA",NA,99.34,NA,0,NA,91.25,1.0904375,9.7847375,91.25,1.195,10.723,NA,NA,NA,NA,NA
"226","b9nov21r4","con",100.01,13638.6,"NA","13732.5",NA,100.01,13718.8614,0.992710036417454,NA,90.99,0.8416575,7.3201455,0.663313786375895,126.886779272071,1103.57204242574,NA,999.398079877814,16552.2510991402,NA,NA
"227","b9nov21r4","ext",99.83,13500.7,"NA","13579",NA,99.83,13565.4993,0.992640890114527,NA,68.41,0.5903783,5.0903881,0.50343670726518,117.269617308422,1011.12772003705,NA,NA,NA,NA,NA
"228","b9nov21r4","init",99.52,NA,"NA","NA",NA,99.52,NA,0,NA,92.64,0.9245472,8.5692,92.64,0.998,9.25,NA,NA,NA,NA,NA
"229","f11oct21_sedtrap","con",99.82,13471.6,"NA","13565.7",NA,99.82,13552.2284,0.992634421657179,NA,84.33,1.7253918,12.6680526,0.621139221650068,277.778594534163,2039.48682653578,NA,-1187.72678159444,-36344.2268530867,NA,NA
"230","f11oct21_sedtrap","ext",99.85,13472.2,"NA","13546.9",NA,99.85,13533.4278,0.992621972683077,NA,69.63,1.6063641,11.5202835,0.513732042077322,312.685207156735,2242.46933351027,NA,NA,NA,NA,NA
"231","f11oct21_sedtrap","init",99.72,NA,"NA","13523",NA,99.72,NA,0,NA,95.77,2.2007946,16.367093,95.77,2.298,17.09,NA,NA,NA,NA,NA
"232","f14sep21_sedtrap","con",99.5,13572.6999999999,"NA","13667.1",NA,99.5,13653.5273,0.992712505873848,NA,89.59,1.52303,11.2560876,0.652886598761924,233.276345829144,1724.04941705727,NA,-1145.0113744988,-31129.5482728556,NA,NA
"233","f14sep21_sedtrap","ext",100.02,14023,"NA","14101.5",NA,100.02,14087.477,0.992900077139434,NA,74.51,1.2771014,10.0402225,0.529015252340784,241.411073565287,1897.90794416117,NA,NA,NA,NA,NA
"234","f14sep21","init",99.69,14028.4999999999,"NA","14127.5",NA,99.69,14113.4715,0,NA,96.15,1.8431955,14.599416,96.15,1.917,15.184,NA,NA,NA,NA,NA
"235","f21jun21r2","con",100.17,14069.4,"NA","14160.2",NA,100.17,14146.1306,0.992918911691654,NA,86.7,0.796773,7.913976,0.613930356333626,129.782310286513,1289.06738661076,NA,-1031.69011729169,-19819.1643123053,NA,NA
"236","f21jun21r2","ext",99.57,13506.2,"NA","13566",NA,99.57,13552.4938,0.992653012687599,NA,53.26,0.6455112,5.4772584,0.391300544258499,164.965576836399,1399.75741929499,NA,NA,NA,NA,NA
"237","f21jun21r2","init",99.74,14073.86,"NA","13589.6",NA,99.74,13575.52614,0,NA,92.17,0.9622548,9.8889193,92.17,1.044,10.729,NA,NA,NA,NA,NA
"238","f22nov21_sedtrap","con",99.82,14032.5,"NA","14125.5",NA,99.82,14111.4675,0.992926320384467,NA,87.65,0.990445,8.507309,0.620008018301419,159.747127579645,1372.12886751154,NA,351.965598510235,7106.11296114846,NA,NA
"239","f22nov21_sedtrap","ext",99.63,13501.8999999999,"NA","13580.3",NA,99.63,13566.7981,0.992656336501389,NA,70.68,0.8856204,6.916038,0.519050136081844,170.623286352506,1332.44122662352,NA,NA,NA,NA,NA
"240","f22nov21_sedtrap","init",99.21,NA,"NA","13581",NA,99.21,NA,0,NA,92.79,1.2136932,10.4630004,92.79,1.308,11.276,NA,NA,NA,NA,NA
"241","f26oct21r2","con",99.55,13538.6,"13630.3","13633",NA,99.55,13619.4614,0.992690606693155,NA,91.34,1.0969934,9.937792,0.667639984647266,164.309122465092,1488.49563065795,NA,-929.798024405904,-21534.3553190517,NA,NA
"242","f26oct21r2","ext",99.71,14101,"14158.2","14159.6",NA,99.71,14145.499,0.992951114697332,NA,51.45,0.7547715,5.83443,0.362665148822245,208.118012566446,1608.76500511486,NA,NA,NA,NA,NA
"243","f26oct21r2","init",83.16,13468.23,"NA","NA",NA,83.16,NA,0,NA,77.02,1.0228256,9.962537,77.02,1.328,12.935,NA,NA,NA,NA,NA
"244","f26oct21r3","con",99.23,13409,"NA","13502",NA,99.23,13488.591,0.99264341249579,NA,87.51,0.8908518,8.2758207,0.643774972493418,138.379377587424,1285.51451261716,NA,43.8859856480027,888.877832856235,NA,NA
"245","f26oct21r3","ext",99.55,13485.6,"NA","13547.7",NA,99.55,13534.2144,0.992644567533968,NA,49.6,0.558,4.671824,0.364829450315192,152.948178804622,1280.55012992066,NA,NA,NA,NA,"Initial sediment weight is a slight overestimate because sediment was on the outside of the tube"
"246","f26oct21r3","init",93.39,13471.72,"NA","NA",NA,93.39,NA,0,NA,87.71,0.9455138,9.9217552,87.71,1.078,11.312,NA,NA,NA,NA,NA
"247","f26oct21r4","ext",99.28,13484.9,"NA","13553.5",NA,99.28,13540.0151,0.99266765958038,NA,62.35,0.572373,5.3490065,0.457171425163331,125.198769760274,1170.02205421938,NA,3951.02794424123,84029.2030827168,NA,NA
"248","f26oct21r4","con",82.21,13523.3,"NA","13599.1",NA,82.21,13585.5767,0.993948729463947,NA,72.49,0.7705687,7.191008,0.438656601158485,175.665588518431,1639.32515343635,NA,NA,NA,NA,NA
"249","f26oct21r4","init",57.46,14056.6099999999,"14115","14115",NA,57.46,14100.94339,0,NA,52.27,0.6444891,6.2086306,52.27,1.233,11.878,NA,NA,NA,NA,NA
"250","f21sep21_sedtrap","con",100.09,13449,"NA","13543.8",NA,100.09,13530.351,0.992602557021617,NA,90.51,1.6807707,11.6911767,0.669542563973408,251.03268865021,1746.14390915173,NA,-1195.12311706947,-33589.7002124251,NA,NA
"251","f21sep21_sedtrap","ext",100.08,13434.2,"NA","13512",NA,100.08,13498.5658,0.992585879012421,NA,73.39,1.4472508,10.5219243,0.544122339278445,265.978934428457,1933.74238483813,NA,NA,NA,NA,NA
"252","f21sep21_sedtrap","init",100.06,13511.92,"NA","13612.2",NA,100.06,100.280000000001,0,NA,96.6,2.02377,15.163302,96.6,2.095,15.697,NA,NA,NA,NA,NA
"253","f8nov21_sedtrap","con",100.07,13572.5,"NA","13668.6",NA,100.07,13655.0275,0.992671563642036,NA,90.09,1.1108097,9.0053964,0.66021883148899,168.248714974517,1364.00174767662,NA,-700.85315863638,-14936.893728288,NA,NA
"254","f8nov21_sedtrap","ext",99.66,13525.2,"NA","13610.5",NA,99.66,13596.9748,0.992670428425005,NA,76.39,0.99307,8.1042151,0.559905972613848,177.363709010637,1447.42429914911,NA,NA,NA,NA,NA
"255","f8nov21_sedtrap","init",99.96,16067.81,"NA","14202.2",NA,99.96,-1865.61,0,NA,94.2,1.3659,11.212626,94.2,1.45,11.903,NA,NA,NA,NA,NA
"256","f9nov21r1","con",56.69,13429.2,"NA","13479",NA,56.69,13465.5708,0.995790003941014,NA,48.34,0.6221358,5.1588448,0.203511209491396,305.700998758156,2534.91923756569,NA,9109.78962750433,203628.672712201,NA,NA
"257","f9nov21r1","ext",99.99,13491.8,"NA","13556.6",NA,99.99,13543.1082,0.992616909019452,NA,59.62,0.7208058,6.1521878,0.440179884260246,163.75255339334,1397.65310046805,NA,NA,NA,NA,NA
"258","f9nov21r1","init",54.63,13566.28,"NA","NA",NA,54.63,NA,0,NA,48.37,0.6467069,6.0385108,48.37,1.337,12.484,NA,NA,NA,NA,NA
"259","f9nov21r2","con",100.01,13601.5,"NA","13693.7",NA,100.01,13680.0985,0.992689380123981,NA,86.79,1.0189146,9.0044625,0.634488699039707,160.588297560243,1419.16830254474,NA,-165.814377397498,-3647.02562569537,NA,NA
"260","f9nov21r2","ext",99.66,14083.3999999999,"NA","14147.1",NA,99.66,14133.0166,0.992948426877246,NA,56.29,0.67548,5.7139979,0.396933051079841,170.174793497891,1439.53694066425,NA,NA,NA,NA,NA
"261","f9nov21r2","init",99.93,13443.1499999999,"NA","NA",NA,99.93,NA,0,NA,90.84,1.1573016,11.1587856,90.84,1.274,12.284,NA,NA,NA,NA,NA
"262","f9nov21r3","con",100,14093.6,"NA","14188",NA,100,14173.9064,0.992944781969211,NA,90.29,1.0275002,9.0687276,0.637015635999973,161.299054831999,1423.62715881599,NA,198.901882256944,4181.03508987739,NA,NA
"263","f9nov21r3","ext",99.77,14045.9999999999,"NA","14112.9",NA,99.77,14098.854,0.992923538324462,NA,61.05,0.699633,6.0494445,0.432017985291573,161.945341124586,1400.27607783902,NA,NA,NA,NA,NA
"264","f9nov21r3","init",99.77,13441.66,"NA","NA",NA,99.77,NA,0,NA,94.97,1.1947226,11.149478,94.97,1.258,11.74,NA,NA,NA,NA,NA
"265","f9nov21r4","con",99.29,14048.5,"NA","14142.1",NA,99.29,14128.0515,0.992972137736049,NA,90.61,0.9088183,8.6233537,0.636794599736561,142.7176518733,1354.1813488317,NA,548.912057076951,11059.8162547662,NA,NA
"266","f9nov21r4","ext",99.29,14101.5999999999,"NA","14163.8",NA,99.29,14149.6984,0.992982889303139,NA,55.16,0.576422,5.0024604,0.387063826038869,148.921692295295,1292.41227504883,NA,NA,NA,NA,NA
"267","f9nov21r4","init",0.09972,15369.32,"NA","NA",NA,0.09972,NA,0,NA,93.37,1.055081,10.5069261,93.37,1.13,11.253,NA,NA,NA,NA,NA
"268","oar3d13_topOrange","init",77.62,13563.16,"NA","13625.6",NA,77.62,13612.03684,0,NA,89.62,0.4543734,4.8609888,89.62,0.507,5.424,NA,1978.52473602747,19214.8937658245,NA,NA
"269","oar3d13_topOrange","ext",99.67,13471.6,"NA","13550",NA,99.67,13536.5284,0.992636960005196,NA,73.55,0.272135,2.9044895,0.541551591617832,50.2509833249725,536.327386892747,NA,NA,NA,NA,NA
"270","oar3d13_topOrange","con",99.57,14028.4999999999,"NA","14124",NA,99.57,14109.9715,0.992943288368797,NA,92.55,0.4118475,4.203621,0.65309866146788,63.0605334689168,643.642568574877,NA,NA,NA,NA,NA
"271","b12oct21_sedtrap","init",99.21,13395.17,"NA","13493.9",NA,99.21,13480.50483,0,NA,86.45,1.74629,13.921908,86.45,2.02,16.104,NA,27.9872089904385,806.993757532715,NA,NA
"272","b12oct21_sedtrap","ext",99.25,13481.4,"NA","13562.5",NA,99.25,13549.0186,0.992674746198961,NA,73.34,1.3633906,11.2518228,0.537234113768207,253.779602794964,2094.39842177533,NA,NA,NA,NA,NA
"273","b12oct21_sedtrap","con",99.52,14146.1,"NA","14241.3",NA,99.52,14227.1539,0.993004925602161,NA,88.75,1.6046,13.030275,0.620812852808186,258.467586929257,2098.90548191115,NA,NA,NA,NA,NA
"274","b12jul21_sedTrap","init",99.18,13463.22,"NA","13559.5",NA,99.18,13546.03678,0,NA,88.42,2.396182,17.2180266,88.42,2.71,19.473,NA,-2026.80460899531,-70667.7997331527,NA,NA
"275","b12jul21_sedTrap","ext",99.69,14067.1,"NA","14138.9",NA,99.69,14124.8329,0.992942217390763,NA,65.11,1.7423436,12.455543,0.459532225687425,379.155911730366,2710.48303116663,NA,NA,NA,NA,NA
"276","b12jul21_sedTrap","con",99.99,13458.8,"NA","13546.9",NA,99.99,13533.4412,0.992611635243223,NA,86.56,2.0912896,14.810416,0.639536853346655,327.000639455946,2315.80336965697,NA,NA,NA,NA,NA
"277","b31mar21cm1","init",99.4,13487.41,"NA","13584.5",NA,99.4,13571.01259,0,NA,90.99,1.2411036,10.7249913,90.99,1.364,11.787,NA,-1643.73315186975,-34690.5687754498,NA,NA
"278","b31mar21cm1","ext",99.77,14095.5999999999,"NA","14169.8",NA,99.77,14155.7044,0.992951957940009,NA,65.34,0.7331148,6.9378012,0.460519068199815,159.193147607497,1506.51768386488,NA,NA,NA,NA,NA
"279","b31mar21cm1","con",99.49,13425.8,"NA","13518.5",NA,99.49,13505.0742,0.992633139327735,NA,88.99,0.934395,8.6062229,0.655576931224857,142.530183033471,1312.770857254,NA,NA,NA,NA,NA
"280","f16aug21_sedTrap","init",99.37,13446.4,"NA","13542.1",NA,99.37,13528.6536,0,NA,92.61,1.4919471,12.4171488,92.61,1.611,13.408,NA,-488.149911648251,-11719.0940293281,NA,NA
"281","f16aug21_sedTrap","ext",100.09,13561.9999999999,"NA","13640.7",NA,100.09,13627.138,0.992655097497361,NA,75.47,1.0633723,8.6171646,0.554319791874136,191.833724068335,1554.54752406831,NA,NA,NA,NA,NA
"282","f16aug21_sedTrap","con",99.91,14115.7,"NA","14206.2",NA,99.91,14192.0843,0.992960160192961,NA,87.39,1.2155949,9.1610937,0.615211600737183,197.589723364027,1489.09638391452,NA,NA,NA,NA,NA
"283","f21jun21_sedTrap","init",100,13449.17,"NA","13545.3",NA,100,13531.85083,0,NA,90.66,1.128717,11.9344824,90.66,1.245,13.164,NA,-763.116952309607,-17986.8783530952,NA,NA
"284","f21jun21_sedtrap","ext",100,14074.4,"NA","14146.1",NA,100,14132.0256,0.992923873559923,NA,68.73,0.7855839,7.4427717,0.486342170226465,161.529052608001,1530.35705222401,NA,NA,NA,NA,NA
"285","f21jun21_sedTrap","con",100,14057.1,"NA","14146.3",NA,100,14132.2429,0.992923982363762,NA,87.31,0.9726334,8.8340258,0.617807099819956,157.433185905997,1429.90033662197,NA,NA,NA,NA,NA
"286","f24aug21r1","init",53.69,13520.91,"NA","13571.5",NA,53.69,13557.97909,0,NA,45.27,0.5586318,4.7596878,45.27,1.234,10.514,NA,4477.38622082072,84288.6995984048,NA,NA
"287","f24aug21r1","ext",99.03,13513.8,"NA","13577.1",NA,99.03,13563.5862,0.992698833587241,NA,56.98,0.5464382,4.47293,0.416020462199,131.348875752803,1075.17067222054,NA,NA,NA,NA,NA
"288","f24aug21r1","con",74.28,13502,"NA","13569.3",NA,74.28,13555.798,0.994520425872383,NA,62.88,0.6168528,5.3265648,0.344555621144551,179.028511550886,1545.92305947763,NA,NA,NA,NA,NA
"289","f26oct21r1","init",46.14,NA,"NA","NA",NA,46.14,NA,0,NA,36.42,0.5765286,4.8631626,36.42,1.583,13.353,NA,7145.70029196653,170844.290060213,NA,NA
"290","f26oct21r1","ext",100.04,13456.6,"NA","13509.2",NA,100.04,13495.7434,0.992587292375461,NA,45.63,0.6744114,5.2506441,0.338241848907714,199.387332518989,1552.33425933424,NA,NA,NA,NA,NA
"291","f26oct21r1","con",60.93,14041.7,"NA","14097.5",NA,60.93,14083.4583,0.995673647856791,NA,53.8,0.68326,5.834072,0.232757745304646,293.549844756278,2506.49961932053,NA,NA,NA,NA,NA
"292","f8jul21_sedTrap","init",77.62,13563.16,"NA","13638.1",NA,77.62,13624.53684,0,NA,69.08,1.326336,10.624504,69.08,1.92,15.38,NA,-1116.8152442042,-30754.9121859635,NA,"Glass shards"
"293","f8jul21_sedTrap","ext",82.92,13495.7999999999,"NA","13556.5",NA,82.92,13543.0042,0.993877281674327,NA,56.08,0.964576,7.5909888,0.343362043703721,280.92097472262,2210.78274060778,NA,NA,NA,NA,"Glass shards, vial weight is after"
"294","f8jul21_sedTrap","con",87.88,14094.9,"NA","14172.5",NA,87.88,14158.4051,0.993793086200083,NA,75.07,1.2334001,9.5008592,0.465953018959738,264.70481997383,2039.01655604917,NA,NA,NA,NA,"Glass shards"
"295","f08Jul19r1","init",99.11,NA,"13992.5","13988.83",NA,99.11,NA,0,NA,94.04,0.474902,5.2295644,94.04,0.505,5.561,NA,NA,NA,NA,NA
"296","f08Jul19r1","ext",100.79,15970.86,"16036.42","16035.73",NA,100.79,64.869999999999,-0.553722830275961,NA,63.7,0.268177,2.294474,98.9721442885787,0.27096209941462,2.3183028078182,NA,NA,NA,NA,NA
"297","f08Jul19r1","con",99.39,16263.41,"16356.4","16355.69",NA,99.39,92.2800000000007,-0.0770481144343227,NA,92.19,0.3844323,4.2259896,99.2930656697002,0.387169332930881,4.2560772713553,NA,NA,NA,NA,NA
"298","f08Jul19r2","init",99.6,NA,"13956.45","13954.56",NA,99.6,NA,0,NA,93.14,0.6547742,6.9370672,93.14,0.703,7.448,NA,NA,NA,NA,NA
"299","f08Jul19r2","ext",99.28,16271.1,"16327.61","16326.03",NA,99.28,54.9300000000003,-0.807391225195694,NA,50.76,0.2629368,2.7831708,91.7431785909334,0.28660092667204,3.03365421031428,NA,NA,NA,NA,NA
"300","f08Jul19r2","con",99.63,13943.79,"14036.8","14035.1",NA,99.63,91.3099999999995,-0.0911181688752661,NA,91.29,0.5997753,5.8106085,99.6081776366231,0.602134598012643,5.83346532169022,NA,NA,NA,NA,"Spilled! Half of sample lost, spilled a very small amt later"
"301","f08Jul19r3","init",99.47,NA,"16331.65","16333.96",NA,99.47,NA,0,NA,88.91,0.53346,5.7773718,88.91,0.6,6.498,NA,NA,NA,NA,NA
"302","f08Jul19r3","ext",99.4,15938.14,"16000.07","15999.53",NA,99.4,61.3900000000012,-0.619156214367128,NA,54.9,0.217404,2.135061,88.8916761687553,0.24457183098592,2.4018683098592,NA,NA,NA,NA,NA
"303","f08Jul19r3","con",100.38,15901.13,"15979.69","15980.07",NA,100.38,78.9400000000005,-0.271598682543696,NA,74.7,0.395163,3.901581,94.9884215860141,0.41601175532975,4.10742797369997,NA,NA,NA,NA,NA
"304","f08Jul19r4","init",90.6,NA,"13980.51","13982.89",NA,90.6,NA,0,NA,81.89,0.5535764,5.4276692,81.89,0.676,6.628,NA,NA,NA,NA,NA
"305","f08Jul19r4","ext",100,16496.31,"16556.169999999998","16557.759999999998",NA,100,61.4499999999971,-0.627339300244178,NA,54.98,0.2430116,2.4867454,89.4711147274249,0.271608999999987,2.77938349999987,NA,NA,NA,NA,NA
"306","f08Jul19r4","con",70.1,16259.5,"16323.15","16322.69",NA,70.1,63.1900000000005,-0.1093527456876,NA,62.18,0.3183616,3.4876762,68.979553726855,0.461530385164055,5.05610142653356,NA,NA,NA,NA,NA
"307","b17Jul19r1","ext",100.1,16333.38,"16395.78","16395.87",NA,100.1,62.4899999999998,-0.601856297007527,NA,54.85,0.40589,3.615712,87.8618178908629,0.461964035964034,4.11522557442556,NA,NA,NA,NA,NA
"308","b17Jul19r1","con",99.6,16319.43,"16407.21","16408.89",NA,99.6,89.4599999999991,-0.113346747149575,NA,89.8,0.82616,7.159754,99.9785378940318,0.826337349397582,7.16129096385535,NA,NA,NA,NA,NA
"309","b17Jul19r1","init",99,NA,"16193.87","16193.83",NA,99,NA,0,NA,91.48,0.9998764,8.9494884,91.48,1.093,9.783,NA,NA,NA,NA,NA
"310","b17Jul19r2","ext",100.1,16422.49,"16487.12","16487.46",NA,100.1,64.9699999999975,-0.540711097429641,NA,57.96,0.4300632,3.393558,89.299615207022,0.481595804195786,3.80019330669316,NA,NA,NA,NA,NA
"311","b17Jul19r2","con",100.9,14191.55,"14283.25","14283.53",NA,100.9,91.9800000000014,-0.0969776038269025,NA,90.54,0.6908202,6.319692,99.3203522504878,0.695547472745303,6.36293756194261,NA,NA,NA,NA,NA
"312","b17Jul19r2","init",99.5,NA,"16376.27","16378.75",NA,99.5,NA,0,NA,85.58,0.8027404,7.4377578,85.58,0.938,8.691,NA,NA,NA,NA,NA
"313","b17Jul19r3","ext",100,16471.32,"16541.830000000002","16541.45",NA,100,70.130000000001,-0.425923285327229,NA,61.74,0.5420772,4.124232,88.0365036361031,0.615741400000009,4.68468400000007,NA,NA,NA,NA,NA
"314","b17Jul19r3","con",100.5,16254.09,"16344.99","16344.82",NA,100.5,90.7299999999996,-0.107682133803598,NA,91.1,0.896424,7.513017,100.909842389508,0.888341492537309,7.44527671641787,NA,NA,NA,NA,NA
"315","b17Jul19r3","init",99.1,NA,"13881.45","13884.52",NA,99.1,NA,0,NA,84.41,0.9994144,8.2747123,84.41,1.184,9.803,NA,NA,NA,NA,NA
"316","b17Jul19r4","ext",99.4,16094.12,"16156.77","16157",NA,99.4,62.8799999999992,-0.580788804071267,NA,57.23,0.3966039,3.4595535,90.4685432569986,0.438388732394361,3.82404024144864,NA,NA,NA,NA,NA
"317","b17Jul19r4","con",100,16522.83,"16613.07","16614.150000000001",NA,100,91.3199999999997,-0.0950503723171301,NA,91.49,0.7017283,6.4280874,100.186158563294,0.700424399999998,6.41614319999998,NA,NA,NA,NA,NA
"318","b17Jul19r4","init",100.4,NA,"16331.63","16333.59",NA,100.4,NA,0,NA,88.2,0.80262,7.788942,88.2,0.91,8.831,NA,NA,NA,NA,NA
"319","f22Jul19r1","ext",100.29,13927.9,"13982.74","13981.37",NA,100.29,53.4700000000012,-0.875631195062611,NA,49.4,0.289978,2.788136,92.656181036093,0.312961312194642,3.00912035098222,NA,NA,NA,NA,NA
"320","f22Jul19r1","con",100.28,13991,"14084.36","14085.39",NA,100.28,94.3899999999994,-0.0624006780379343,NA,95.66,0.578743,6.3106902,101.629248861109,0.569464998005581,6.20952163940961,NA,NA,NA,NA,NA
"321","f22Jul19r1","init",99.55,NA,"13562.42","13558.4",NA,99.55,NA,0,NA,89.56,0.6734912,7.6027484,89.56,0.752,8.489,NA,NA,NA,NA,"Vial weight is after sediment was removed"
"322","f22Jul19r2","init",99.72,NA,"16732.509999999998","16729.689999999999",NA,99.72,NA,0,NA,85.43,0.59801,7.3837149,85.43,0.7,8.643,NA,NA,NA,NA,"Not enough material"
"323","f22Jul19r2","ext",100.04,13785,"13846.24","13843.46",NA,100.04,58.4599999999991,-0.711255559356851,NA,57.75,0.33033,3.7069725,98.8250085528581,0.334257497001195,3.75104698120746,NA,NA,NA,NA,"Not enough material"
"324","f22Jul19r2","con",99.68,16133.85,"16225.73","16225.93",NA,99.68,92.0799999999999,-0.0825369244135544,NA,98.09,0.5365523,6.2601038,106.186046915726,0.505294542536115,5.89541091492776,NA,NA,NA,NA,"Not enough material, vial weight is after sediment was removed"
"325","f22Jul19r3","init",52.41,NA,"14025.68","14022.57",NA,52.41,NA,0,NA,49.92,0.5296512,4.7578752,49.92,1.061,9.531,NA,NA,NA,NA,NA
"326","f22Jul19r3","ext",99.79,15633.2,"15676.37","15675.15",NA,99.79,41.9499999999989,-1.37878426698457,NA,43.97,0.3895742,3.1328625,104.595144219311,0.372459164244905,2.9952274777031,NA,NA,NA,NA,NA
"327","f22Jul19r3","con",90.73,15939.52,"16023.46","16022.47",NA,90.73,82.9499999999989,-0.0937914406268981,NA,85.76,0.668928,5.9826176,93.8035539481628,0.713115838201247,6.37781549652808,NA,NA,NA,NA,"Vial weight is after sediment was removed"
"328","f22Jul19r4","init",99.55,NA,"16456.900000000001","16454.37",NA,99.55,NA,0,NA,99.1,0.755142,7.728809,99.1,0.762,7.799,NA,NA,NA,NA,NA
"329","f22Jul19r4","ext",100.63,14261.7,"14318.89","14319.34",NA,100.63,57.6399999999994,-0.745836224843876,NA,51.9,0.336312,2.900691,90.6089000693972,0.37116883633111,3.20133121335583,NA,NA,NA,NA,NA
"330","f22Jul19r4","con",100.55,16267.58,"16364.58","16362.75",NA,100.55,95.1700000000001,-0.0565304192497627,NA,96.59,0.5969262,6.2174983,102.050273195335,0.584933465937345,6.09258368970662,NA,NA,NA,NA,NA
"331","f05Aug19r1","con",99.73,16508.77,"16602.259999999998","16602.52",NA,99.73,93.75,-0.0637866666666667,NA,92.94,0.2936904,3.601425,98.8683328,0.297052040509375,3.64264764865136,NA,NA,NA,NA,NA
"332","f05Aug19r1","init",99.1,NA,"13994.36","13992.82",NA,99.1,NA,0,NA,93.3,0.36387,4.088406,93.3,0.39,4.382,NA,NA,NA,NA,NA
"333","f05Aug19r1","ext",99.44,16463.89,"16539.5","16539.28",NA,99.44,75.3899999999994,-0.319007825971624,NA,68.42,0.194997,1.994443,90.2465154529785,0.216071500402251,2.20999446902653,NA,NA,NA,NA,NA
"334","f05Aug19r2","init",99.27,NA,"13978.9","13979.37",NA,99.27,NA,0,NA,90.18,0.4698378,5.3801388,90.18,0.521,5.966,NA,NA,NA,NA,NA
"335","f05Aug19r2","ext",99.14,16446.73,"16508.63","16508.2",NA,99.14,61.4700000000012,-0.612819261428308,NA,54.7,0.150972,1.688589,88.2212136001285,0.171128908614084,1.91403964091188,NA,NA,NA,NA,NA
"336","f05Aug19r2","con",88.86,16145.2,"16236.09","16236.65",NA,88.86,91.4499999999989,0.0283214871514373,NA,92.69,0.4022746,4.486196,90.0648813559333,0.446649786180503,4.9810713481881,NA,NA,NA,NA,NA
"337","f05Aug19r3","init",99.12,NA,"14059.01","14060.46",NA,99.12,NA,0,NA,90.23,0.442127,4.3662297,90.23,0.49,4.839,NA,NA,NA,NA,NA
"338","f05Aug19r3","ext",100.6,13754.03,"13823.77","13824.73",NA,100.6,70.6999999999989,-0.422913719943445,NA,63.25,0.1789975,1.916475,89.9992927864229,0.198887673956259,2.12943339960235,NA,NA,NA,NA,NA
"339","f05Aug19r3","con",99.55,16241.59,"16334.38","16334.8",NA,99.55,93.2099999999991,-0.0680184529557014,NA,93.29,0.3423743,3.6513706,99.6354414762374,0.343627021597184,3.6647306880964,NA,NA,NA,NA,NA
"340","f05Aug19r4","init",99.28,NA,"16064.73","16065.95",NA,99.28,NA,0,NA,93.85,0.5452685,5.1777045,93.85,0.581,5.517,NA,NA,NA,NA,NA
"341","f05Aug19r4","ext",100.78,16209.73,"16283.16","16282.98",NA,100.78,73.25,-0.375836177474403,NA,62.72,0.2489984,2.4906112,86.2924450511945,0.288551795991268,2.88624479063306,NA,NA,NA,NA,NA
"342","f05Aug19r4","con",100.66,16115.9,"16209.1","16209.41",NA,100.66,93.5100000000002,-0.0764624104373838,NA,95.91,0.4642044,4.3025226,103.243509785049,0.449620902046494,4.167354063183,NA,NA,NA,NA,NA
"343","f19Aug19r1","ext",99.5,16151.48,"16196.72","16197.57",NA,99.5,46.0900000000001,-1.1588197005858,NA,39.26,0.3274284,2.6724282,84.7552614449986,0.386322211055278,3.15311185929649,NA,NA,NA,NA,NA
"344","f19Aug19r1","con",100.2,16065.79,"16155.13","16155.49",NA,100.2,89.6999999999989,-0.117056856187305,NA,87.9,0.661887,6.570525,98.1892976588641,0.674092814371249,6.69169161676639,NA,NA,NA,NA,NA
"345","f19Aug19r1","init",100.5,NA,"16220.22","16219.93",NA,100.5,NA,0,NA,94.55,0.864187,8.9510485,94.55,0.914,9.467,NA,NA,NA,NA,NA
"346","f19Aug19r2","ext",99.7,13758.76,"13801.69","13803.81",NA,99.7,45.0499999999993,-1.2130965593785,NA,39.19,0.2002609,1.9665542,86.7312541620436,0.230898194583748,2.26741123370107,NA,NA,NA,NA,NA
"347","f19Aug19r2","con",100.4,16023.05,"16111.99","16112.45",NA,100.4,89.4000000000015,-0.123042505592823,NA,87.41,0.568165,5.5549055,98.1651454138686,0.578784860557778,5.65873505976105,NA,NA,NA,NA,NA
"348","f19Aug19r2","init",101.3,NA,"14876.79","14879.08",NA,101.3,NA,0,NA,87.95,0.6393965,7.199587,87.95,0.727,8.186,NA,NA,NA,NA,NA
"349","f19Aug19r3","ext",100.2,16044.13,"16094.83","16095.62",NA,100.2,51.4900000000016,-0.946008933773488,NA,43.22,0.2545658,2.1333392,84.1065061176901,0.302670758483043,2.53647345309389,NA,NA,NA,NA,"Very little material, powdery"
"350","f19Aug19r3","con",100.1,14056.26,"14142.78","14144.45",NA,100.1,88.1900000000005,-0.135049325320324,NA,89.06,0.5397036,5.2643366,101.087492913028,0.533897502497506,5.20770319680323,NA,NA,NA,NA,"Very little material, powdery"
"351","f19Aug19r3","init",99.3,NA,"13793.46","13795.67",NA,99.3,NA,0,NA,91.49,0.6468343,6.9450059,91.49,0.707,7.591,NA,NA,NA,NA,"Very little material, powdery"
"352","f02Sep19r1","con",81.4,15632,"15708.59","15707.34",NA,81.4,75.3400000000001,-0.0804353597026792,NA,76.5,0.5967,5.753565,82.653305017255,0.721931203931205,6.96108280098281,NA,NA,NA,NA,"Lots of material, grey, chunky"
"353","f02Sep19r1","ext",94.7,16149.98,"16190.06","16190.41",NA,94.7,40.4300000000003,-1.34232005936184,NA,34.73,0.2684629,2.4401298,81.3487756616368,0.330014677930309,2.99959007391766,NA,NA,NA,NA,"Lots of material, grey, chunky"
"354","f02Sep19r1","init",73.7,NA,"13882.02","13880.93",NA,73.7,NA,0,NA,68.72,0.6569632,6.6019304,68.72,0.956,9.607,NA,NA,NA,NA,"Lots of material, grey, chunky"
"355","f02Sep19r2","ext",99.8,16471.25,"16545.830000000002","16549.439999999999",NA,99.8,78.1899999999987,-0.276378053459543,NA,67.3,0.207957,2.111874,85.9002429978272,0.242091282565126,2.45851923847691,NA,NA,NA,NA,"Lots of material, grey, chunky, vial weight is after sediment was removed, some sample spilled and potential contamination during fumigation"
"356","f02Sep19r2","con",99.6,13696.4,"13795.18","13793.76",NA,99.6,97.3600000000006,-0.0230073952341762,NA,96.72,0.29016,3.641508,98.9452752670495,0.293253012048195,3.68032530120484,NA,NA,NA,NA,"Lots of material, grey, chunky"
"357","f02Sep19r2","init",99.8,NA,"16173.41","16172.98",NA,99.8,NA,0,NA,99.19,0.3828734,3.9943813,99.19,0.386,4.027,NA,NA,NA,NA,"Lots of material, grey, chunky"
"358","f02Sep19r3","ext",99.6,16707.3,"16767.900000000001","16755.55",NA,99.6,48.25,-1.06424870466321,NA,51.68,0.2077536,1.832056,106.680373056995,0.194743975903615,1.71733182730924,NA,NA,NA,NA,"Very little material, powdery"
"359","f02Sep19r3","con",100.5,16575.8,"16671.72","16671.849999999999",NA,100.5,96.0499999999993,-0.0463300364393624,NA,96.69,0.4360719,4.6198482,101.169651223322,0.431030348258703,4.56643681592036,NA,NA,NA,NA,"Very little material, powdery"
"360","f02Sep19r3","init",99.2,NA,"16096.41","16093.52",NA,99.2,NA,0,NA,96.76,0.5350828,5.4872596,96.76,0.553,5.671,NA,NA,NA,NA,"Very little material, powdery"
"361","f02Sep19r4","ext",49.7,16200.8,"16222.26","16223.25",NA,49.7,22.4500000000007,-1.2138084632516,NA,19.79,0.2026496,1.3471053,43.8112694877491,0.462551307847097,3.07479175050312,NA,NA,NA,NA,NA
"362","f02Sep19r4","con",16,16668,"16681.900000000001","16681.400000000001",NA,16,13.4000000000015,-0.194029850746139,NA,15.06,0.1436724,0.9718218,17.9820895522369,0.798975000000087,5.40438750000059,NA,NA,NA,NA,NA
"363","f02Sep19r4","init",10.9,NA,"16054.68","16032.98",NA,10.9,NA,0,NA,10.34,0.0867526,0.9261538,10.34,0.839,8.957,NA,NA,NA,NA,NA
"364","b07Oct19r1","ext",99,16219.8,"16285.3","16285.59",NA,99,65.7900000000009,-0.504787961696286,NA,61.14,0.5612652,4.3984116,92.002735978111,0.610052727272735,4.78074000000006,NA,NA,NA,NA,NA
"365","b07Oct19r1","con",100,13739.6,"13832.43","13830.93",NA,100,91.3299999999999,-0.0949304719150343,NA,91.68,0.8232864,7.1867952,100.38322566517,0.820143399999999,7.15935869999999,NA,NA,NA,NA,NA
"366","b07Oct19r1","init",100.6,NA,"16286.29","16283.32",NA,100.6,NA,0,NA,97.87,0.968913,8.9130209,97.87,0.99,9.107,NA,NA,NA,NA,NA
"367","b07Oct19r2","ext",99.4,16380.5,"16402.22","16400.830000000002",NA,99.4,20.3300000000017,-3.88932611903549,NA,60.65,0.4700375,4.0435355,296.537629119502,0.158508551307861,1.36358259557356,NA,NA,NA,NA,NA
"368","b07Oct19r2","con",100.3,13763.7,"13826.04","13823.94",NA,100.3,60.2399999999998,-0.665006640106248,NA,93.76,0.764144,7.1595136,156.111022576362,0.489487537387835,4.58616789631105,NA,NA,NA,NA,NA
"369","b07Oct19r2","init",100.9,NA,"16338.22","16334.84",NA,100.9,NA,0,NA,96.06,0.9385062,8.4609648,96.06,0.977,8.808,NA,NA,NA,NA,NA
"370","b07Oct19r3","ext",100.3,16325,"16391.560000000001","16391.77",NA,100.3,66.7700000000004,-0.502171633967341,NA,60.33,0.621399,4.820367,90.6260146772497,0.685673978065807,5.31896610169495,NA,NA,NA,NA,NA
"371","b07Oct19r3","con",99.7,16006.9,"16098.75","16098.97",NA,99.7,92.0699999999997,-0.0828717280330218,NA,87.7,0.949791,7.699183,94.967850548496,1.0001184553661,8.10714674022064,NA,NA,NA,NA,NA
"372","b07Oct19r3","init",100.7,NA,"16320.3","16316.54",NA,100.7,NA,0,NA,95.36,1.1166656,9.4663872,95.36,1.171,9.927,NA,NA,NA,NA,NA
"373","b07Oct19r4","ext",99.4,16085,"16133.13","16134.3",NA,99.4,49.2999999999993,-1.01622718052741,NA,62.75,0.4913325,4.260725,126.518255578095,0.388349094567399,3.36767605633798,NA,NA,NA,NA,NA
"374","b07Oct19r4","con",100.2,16463.5,"16554.2","16554.740000000002",NA,100.2,91.2400000000016,-0.0982025427443911,NA,93.4,0.82659,7.151638,102.572117492326,0.805862275449116,6.97230219560891,NA,NA,NA,NA,NA
"375","b07Oct19r4","init",97.2,NA,"16328","16325.56",NA,97.2,NA,0,NA,86.28,0.9240588,8.3493156,86.28,1.071,9.677,NA,NA,NA,NA,NA
